{"accuracy": [0.6068283915519714, 0.8651966452598572, 0.9173198938369751, 0.9419873356819153, 0.9575503468513489, 0.9659861922264099, 0.971278190612793, 0.9777935743331909, 0.9799132347106934, 0.9818621277809143], "loss": [1.3345305919647217, 0.42796969413757324, 0.25683656334877014, 0.1791735142469406, 0.1295449286699295, 0.10498911887407303, 0.0862734466791153, 0.06897960603237152, 0.06365619599819183, 0.054967835545539856], "val_accuracy": [0.8475984334945679, 0.9149783849716187, 0.925563395023346, 0.9363191723823547, 0.9447985291481018, 0.9544160962104797, 0.9610744118690491, 0.9568631649017334, 0.9647166132926941, 0.9533348679542542], "val_loss": [0.4809954762458801, 0.26405465602874756, 0.22904378175735474, 0.19823233783245087, 0.17327576875686646, 0.15540610253810883, 0.12025020271539688, 0.13689735531806946, 0.12000955641269684, 0.16686087846755981]}